product_id	review_id	star_rating	distance_original	distance_opposite	distance_adjusted	similarity_score	product_similarity_score	product_title	review_body
B00LGMHQA8	R3PJ6KUHUQXCYX	5.0	0.11773455	0.2979565322399139	1.795831676004286	0.1607338286017228	0.2806477175435148	Allegra K Women's Long Sleeves Half Placket Asymmetric Hem Above Knee Dress	There's a tiny bit extra room, but I still love it! It makes me feel good!
B00LGMHQA8	R3KM3FFJ88LYAT	5.0	0.11843443	0.2979565322399139	1.7965315537432387	0.16040674688339351	0.2806477175435148	Allegra K Women's Long Sleeves Half Placket Asymmetric Hem Above Knee Dress	Super cute. Has a silkier fabric than I anticipated - not jersey. but completely adorable and super comfy. JUST above my knee so it looks great with leggings and boots. Just enough flare that its flattering
B00LGMHQA8	R3P3SDSQU3O1MA	4.0	0.11443937	0.29665839672088623	1.7998796103808576	0.15884206200038098	0.2806477175435148	Allegra K Women's Long Sleeves Half Placket Asymmetric Hem Above Knee Dress	Very cute dress. Ordered to use as a costume, but can wear it for other things. Very comfortable.
B00QLF8C6W	R3DZT3867DEBC8	5.0	0.11004031	0.29395151138305664	1.811001113973564	0.15364452491204383	0.27135101170489373	Womens Plunging V Neck Halter Lace-up Knee Length Midi Evening Dress	This outfit, fit really great, and i would recommend anyone to buy it
B00QLF8C6W	R18O2PN7VVFUL3	3.0	0.10906166	0.2889109253883362	1.839698875815197	0.1402328778014883	0.27135101170489373	Womens Plunging V Neck Halter Lace-up Knee Length Midi Evening Dress	I ordered a green dress but it was blue. Other than that fits nicely on my curves
B00QLF8C6W	R1O9N435F60SKR	5.0	0.10660958	0.2863898277282715	1.8524816481421003	0.13425896135152016	0.27135101170489373	Womens Plunging V Neck Halter Lace-up Knee Length Midi Evening Dress	"Very cute. Fits as expected. I'm 5'8"", 160lbs & a 34 D. Looks great on! And the color is so vibrant!"
B00QLF8C6W	RRGBRMR5POMHH	5.0	0.11900437	0.2807927131652832	1.8996773583467146	0.11220246043380566	0.27135101170489373	Womens Plunging V Neck Halter Lace-up Knee Length Midi Evening Dress	Dress fit beautiful.  It is not made for small breasted women  though.
B00CJCQ9AC	RONGNYKXVED3B	4.0	0.11738539	0.2979565322399139	1.7954825119951918	0.160897007336689	0.2709003520838579	Allegra K Women's Sleeveless Dots Prints Above Knee Chiffon A Line Dress	"It fit me as I expected. I was a little concerned about the size. I'm 5' 0"" 110 pounds and it fits perfect. It's a lovely dress perfect for spring or summer.-I.E"
B00CJCQ9AC	RTVSPT0MJ7ZTO	5.0	0.11887306	0.2965134382247925	1.8051372742603145	0.15638493893390926	0.2709003520838579	Allegra K Women's Sleeveless Dots Prints Above Knee Chiffon A Line Dress	Very nice outfit ,I liked it a lot. It came in the expected delivery date itself
B00CJCQ9AC	R2RM97OELABF5P	5.0	0.10861546	0.2842721939086914	1.8674930785241723	0.12724350112085692	0.2709003520838579	Allegra K Women's Sleeveless Dots Prints Above Knee Chiffon A Line Dress	The dress is cute, and comfy.  The fabric is really thin, but I guess it's ok for the summer especially at the beach.
B00T5JB556	R13TROV1NQ8FE6	4.0	0.11385447	0.2923774719238281	1.8239725447166097	0.14758244060718506	0.2704824427086622	Women's Long Sleeve Chiffon Round Neck A-Line Lace stitching Trim Mini Dress (2XL, Black1)	A really nice dress for the price.  However if you are big chested it may run a little small.  For C cup and below if should fit and fall nicely.
B00T5JB556	R1I3S173Q16XPP	5.0	0.10856646	0.2910417914390564	1.826532798782546	0.1463859283413439	0.2704824427086622	Women's Long Sleeve Chiffon Round Neck A-Line Lace stitching Trim Mini Dress (2XL, Black1)	Love this dress!!!! very casual, and stylish. simple and very sexy! LOVE IT!
B00T5JB556	R2K2URDCQEA3TH	4.0	0.1098904	0.2880799174308777	1.8455198907739656	0.13751247755274798	0.2704824427086622	Women's Long Sleeve Chiffon Round Neck A-Line Lace stitching Trim Mini Dress (2XL, Black1)	Very cuteI bought a size XXL ; I am 5'5 weigh 190 lbs and wear a 38D and the dress fit well enough all around, however one problem I encountered was the length, the dress was very short and could not be worn as is. It was better suited as a tunic of some sort and i had to pair it with shorts. It was still too cute to give off and I love it.
B00T5JB556	R1W6DI553E562B	5.0	0.10859525	0.2826828360557556	1.8773619977526648	0.1226313483409458	0.2704824427086622	Women's Long Sleeve Chiffon Round Neck A-Line Lace stitching Trim Mini Dress (2XL, Black1)	Very sexy dress for a night on town with the love of your life or for a night in the club with your besties...
B00LGMHLIA	RTJPXA0R5SP5I	5.0	0.11757529	0.2979565322399139	1.7956724123934462	0.16080825905235951	0.27017372338655155	Allegra K Women's Long Sleeves Half Placket Asymmetric Hem Above Knee Dress	"I was very satisfied with this dress. The fabric was so soft and comfortable and not too thin, the hemline was so unique and attractive, and the overall fit was perfect for me. I am 5'3"" 100 pounds and I bought a small; it fit me beautifully. The hemline cut off to my knee with a little bit below my knee, so you don't have to worry about this dress being too inappropriate. I read where some people were complaining about the top part of the dress not fitting them right, but I have a very small chest so this was not a problem at all. I plan to wear it with some of my vibrant leggings, but I'm sure it will look just as adorable by itself. This dress is so trendy and comfortable and I'm very happy I bought it."
B00LGMHLIA	R1OYH2K4VQKX5L	5.0	0.10975969	0.2912555932998657	1.8264649174001204	0.14641765210961166	0.27017372338655155	Allegra K Women's Long Sleeves Half Placket Asymmetric Hem Above Knee Dress	Warm and comfortable!! Fits perfect with the body,, and looks more elegant..
B00LGMHLIA	R3HNFVDKL87PAE	5.0	0.11533755	0.29155200719833374	1.830297446834083	0.1446265531175449	0.27017372338655155	Allegra K Women's Long Sleeves Half Placket Asymmetric Hem Above Knee Dress	I'm a very skinny, flat-chested gal, and this dress makes me look curvy. Definitely a plus!
B00W5BACYQ	R2LZ00D5S7JGGX	5.0	0.11227566	0.2978646159172058	1.790890618919111	0.16304298826180963	0.2680629996568221	Allegra K Women's Printed Half Placket Above Knee Sleeveless Belted Dress	This is super adorable, the waist hits a little high for my body, but still works out. The material is a bit thin, but I've bought a slip and everything is great.
B00W5BACYQ	R1VUNY5DTCASIO	4.0	0.11906397	0.29472315311431885	1.815571338784902	0.15150867046026395	0.2680629996568221	Allegra K Women's Printed Half Placket Above Knee Sleeveless Belted Dress	Cute but the belt was tiny. I was barely able to buckle it. The dress fit perfectly and I've received many compliments.
B00W5BACYQ	RUQIQ4BU9PXO3	5.0	0.116642356	0.2820659279823303	1.8892775819335694	0.11706270465952207	0.2680629996568221	Allegra K Women's Printed Half Placket Above Knee Sleeveless Belted Dress	Looks as expected and fits well. The material is a bit thin so I may need to wear a slip or nude colored underwear. The length is very good! I'm 215lb and 5'8 and the XL fits very well and isn't tight. They may only have one size of belt, so its a little too short for me. The quality isnt amazing, this isnt going to last forever, but for an $18 dress its very cute and I'm happy with it!
B00M43BKQY	R2HIU7VZP4W36Q	4.0	0.11925161	0.29274338483810425	1.8272321334179478	0.1460591004376921	0.24738722829750273	Allegra K Women's Sleeveless Dots Prints Above Knee Chiffon A Line Dress	Love the feel and fit of this dress, two minor things out runs larger easy fix, my simestress will fix for a few$$ and it clings when is worn with stockings,; so I spray a little fabric softener on the inside and wala :) problem solved... I lovvvvveeeeee the colors :)
B00M43BKQY	R118UP88CLGULM	4.0	0.11380184	0.289456307888031	1.8411782539754977	0.1395415034030768	0.24738722829750273	Allegra K Women's Sleeveless Dots Prints Above Knee Chiffon A Line Dress	A little somewhat large than expected, I think it was one size down fit me perfect!
B00M43BKQY	RILG391OS0NM1	3.0	0.10803115	0.2838277816772461	1.8696627918691735	0.1262295046330889	0.24738722829750273	Allegra K Women's Sleeveless Dots Prints Above Knee Chiffon A Line Dress	Purchase a size larger and its somewhat snug. Very nice material and quality.
B00GN7Z14E	R3EBVWMAMIMXN3	5.0	0.115403056	0.2979565322399139	1.7935001807192519	0.16182343245917208	0.2327090405576569	Allegra K Women's Sleeveless Dots Prints Above Knee Chiffon A Line Dress	"I specifically ordered larger size because a lot of the ""Asian"" clothing are cut small, but the size on this dress was pretty accurate! Cute cute dress!!"
B00GN7Z14E	RPV0N1O828IUH	5.0	0.1080873	0.28929829597473145	1.8364071944473943	0.14177121619696964	0.2327090405576569	Allegra K Women's Sleeveless Dots Prints Above Knee Chiffon A Line Dress	I love the length and the feeling od the dress. It is very comfortable. It is a nice loose fitting dress.
B00LGM9G2E	R3SOWYRYIA158I	5.0	0.11774707	0.29488468170166016	1.8133251401947823	0.15255841165601147	0.22882807308981407	Allegra K Women's Sleeveless Doll Collar Elastic Waist Printed Mini Dress	The dress looks good and fit well. Happy for my purchase.
B00LGM9G2E	RMJPPILR9FJWN	5.0	0.11578369	0.2945365309715271	1.8133659857001116	0.1525393228676052	0.22882807308981407	Allegra K Women's Sleeveless Doll Collar Elastic Waist Printed Mini Dress	This dress is absolutely cute. The pattern is lovely and the fabric feels very light. The elastic band on the dress well emphasizes the smallest part of my body perfectly. This is a really good dress for going out.
B00W5BA8EA	RMNG7W1BCZWM5	5.0	0.117763996	0.2979565322399139	1.795861120698805	0.1607200678821814	0.22665820762245648	Allegra K Women's Printed Half Placket Above Knee Sleeveless Belted Dress	"For the price, I would have been happy with a mediocre dress that barely fit, but I was surprised that I got a good quality dress that fit well. It's cute, not too short (I'm 5'6""). It's a bit tight in the bust if the girls are bigger, but overall it fits. Super cute print, too."
B00W5BA8EA	R2MIBPIW7UQ0U8	5.0	0.11689651	0.28724348545074463	1.85758002541924	0.13187627948055014	0.22665820762245648	Allegra K Women's Printed Half Placket Above Knee Sleeveless Belted Dress	It's almost creepy that this dress is so cheap. The material is great and doesn't feel cheap at all! it's a very very cute dress.
B00KH38TJO	R10NXKNBE8YUHP	5.0	0.11846542	0.2979565322399139	1.796562548158522	0.1603922619154553	0.2228647320602355	Forever Womens Sleeveless Floral Print Keyhole Sweetheart Bodycon Dress	Just as pictured... fits like a glove! Thrilled that the length is right below my knees - I'm 5'8 so most dresses fit above my knees and when I sit they ride up... not this dress! I can't wait to wear it this spring!
B00KH38TJO	R1LZXOS52J8H2T	3.0	0.113190055	0.28421664237976074	1.872411456615342	0.12494494028956038	0.2228647320602355	Forever Womens Sleeveless Floral Print Keyhole Sweetheart Bodycon Dress	cute dress, wish it was more stretchy material but very classy
B00KZD0NAY	R28245U1Q8G2E6	5.0	0.1154933	0.2979565322399139	1.7935904221514418	0.16178125891790562	0.221611090063336	Jinhuanshow Women's Low Cut Floral Printed Summer Above Knee Sleeveless Dresses	"This dress is super cute and figure flattering. ..  I'm 5'0"" with curves and this dress fit comfortably. I would buy it again especially at this price."
B00KZD0NAY	R2KEXZTA57PCCK	5.0	0.11377764	0.2824949622154236	1.8837207050635902	0.11965966229086078	0.221611090063336	Jinhuanshow Women's Low Cut Floral Printed Summer Above Knee Sleeveless Dresses	The dress is beautiful and the material is extremely soft and comfortable.
B00374LSBG	R1FXWKRRXI1XF6	5.0	0.10586238	0.28158771991729736	1.8815079936870158	0.12069375353128198	0.21449268201296617	Knee Length Pleated A-Line Skirt with Skinny Belt	This is a perfect fitting skirt. The color was perfect and the quality is fantastic!
B00374LSBG	R1OQKMHVGGAJWM	5.0	0.09288788	0.2758995294570923	1.905141784700037	0.10964870873996946	0.21449268201296617	Knee Length Pleated A-Line Skirt with Skinny Belt	One of the best skirts I have. Material is good, quality appropriate. Fits perfect. Color is fancy
B00374LSBG	R1RPNVHHZFNV2X	5.0	0.10016507	0.275463342666626	1.9152886175207704	0.10490667548202892	0.21449268201296617	Knee Length Pleated A-Line Skirt with Skinny Belt	A very well made, beautiful skirt. Fit is great. Falls naturally. Fabric is heavier than it appears. Very happy with the skirt.
B00374LSBG	R3M8FRRQSRUHAM	5.0	0.11689967	0.27706289291381836	1.9215440758666138	0.10198324192953778	0.21449268201296617	Knee Length Pleated A-Line Skirt with Skinny Belt	Great skirt. The zipper doesn't lay flat in the back, but maybe with a little ironing...
B00SMEWXA6	R1HOROIFDEIW7A	4.0	0.11194259	0.2964189052581787	1.7987445817689398	0.15937250765978217	0.21247193144769033	Women's Long Sleeve Chiffon Round Neck A-Line Lace stitching Trim Mini Dress	This is a very nice and pretty dress. Everyone loves it. Its so cute. Cant wait till the next time me and my husband have a date nite cause this is totally what Im wearing.
B00SMEWXA6	R25B9ZEZFM8TGU	4.0	0.10203183	0.2761680483818054	1.912523673983244	0.10619884757581632	0.21247193144769033	Women's Long Sleeve Chiffon Round Neck A-Line Lace stitching Trim Mini Dress	Even though it fits smaller than expected, my wife liked this dress. It is a very short dress, by the way.
B00E1LACKW	R105S3TP2KHB8J	5.0	0.11595166	0.2927708029747009	1.8237722286081604	0.14767605658225336	0.21146932644616145	Allegra K Women V Neck Butterfly Sleeves Elastic Waist Oversize Mini Dress	I really love this dress! It fit as expected, and it was very comfortable. It looks cute and I feel great while wearing it.
B00E1LACKW	R490SCAFY7M7F	5.0	0.11559796	0.285524845123291	1.8667590568067909	0.1275865397278162	0.21146932644616145	Allegra K Women V Neck Butterfly Sleeves Elastic Waist Oversize Mini Dress	"I bought this shirt wanting to wear with leggings, since it looked kinda short on the model,so I got an XL... I'm a squishy gal (5'2"", size 18-20) the dress ended up being just above my knee. Which isn't that big of a deal, it's still going to make a pretty summer dress even without the leggings. The fabric is nice & light without being see through & the lace back is a plus. The ruffles are very flattering to a lady of my size as well. I just wish it came in more colors."
B00LGMI134	R3IC8ACCILSEAR	5.0	0.116575	0.2979565322399139	1.7946721272448256	0.16127573353685976	0.20954578814705532	Allegra K Women's Long Sleeves Half Placket Asymmetric Hem Above Knee Dress	This dress is super cute, and I have received a lot of compliments on it.  It is really comfortable as well.
B00LGMI134	R2EQ08YL7GSW0Y	4.0	0.1140368	0.274852991104126	1.9331910961670924	0.09654010922039113	0.20954578814705532	Allegra K Women's Long Sleeves Half Placket Asymmetric Hem Above Knee Dress	well made dress however material was on the thin side.  Fit small although I ordered several sizes above what I usually wear.
B00VFCRMA8	R1LB3T3F153MHD	5.0	0.114620924	0.2877676486968994	1.852133817693905	0.13442151685850512	0.19267597061484443	Miusol Women's Vintage Scoop Neck Contrast Bridesmaid Cocktail Bodycon Dress	Super cute, and makes the wearer look super curvy. Great work dress.
B00VFCRMA8	RXPA0MGBA20L4	5.0	0.118272245	0.2821367383003235	1.8904625772214474	0.11650890751267862	0.19267597061484443	Miusol Women's Vintage Scoop Neck Contrast Bridesmaid Cocktail Bodycon Dress	Very elegant with some zest. Fabric is thick and stretchy enough to allow the dress to fit well. Good find!
B00KIK1D76	RXWM6SFQEM1AY	5.0	0.119330525	0.2830701470375061	1.8856771544327573	0.11874533285033728	0.18936584325526137	OFTEN Fashion Korea Women's Short Sleeve Above Knee Length Loose Dresses	Love this dress! Usually wear a M bought and L, fits perfectly!
B00KIK1D76	R3BFUKTGPBTZVC	4.0	0.115432024	0.27455222606658936	1.9365791593333728	0.09495672763735408	0.18936584325526137	OFTEN Fashion Korea Women's Short Sleeve Above Knee Length Loose Dresses	Pretty dress. Their measurements on the size chart are accurate- simply go maybe one size up for comfort.  The material does stretch the right amount, so it would fit well, and the pattern is mostly ivory and black.  it has a removable charm at the neck, which is convenient.
B00KIK1D76	R1G24Q83PN66UD	5.0	0.11741173	0.27408111095428467	1.9416892184847612	0.09256858634498821	0.18936584325526137	OFTEN Fashion Korea Women's Short Sleeve Above Knee Length Loose Dresses	Dress fit as indicated in the reviews.  Gave dress to my niece who is normally a size 5 and the large fit her perfect.
B00KFXANWW	R3QHJ8EHA74LKX	4.0	0.11711335	0.28893738985061646	1.8475920560785726	0.13654406928545915	0.1864777263899845	Abody Summer Sexy Women Mini Dress Mesh Cutout Sweetheart Neckline Short Sleeve Skater Dress	A bit longer than i expected. I am 5.2 and the dress is still over the knees in size medium
B00KFXANWW	R3CPLSKG2MV7XD	4.0	0.11956531	0.27677732706069946	1.926071662172464	0.0998673142090507	0.1864777263899845	Abody Summer Sexy Women Mini Dress Mesh Cutout Sweetheart Neckline Short Sleeve Skater Dress	I was really pleased with this dress. The fabric is soft and the quality of the dress is really good, I did not find any bad details.
B00ROS0T7U	RRMH6OU3NM3AP	5.0	0.118614316	0.2906419038772583	1.838944362445303	0.14058549300238998	0.18092906159429245	Happylife12 Women Short Sleeve Pleated Lace Slim Dress	Love this dress.  Tried it on and it fits perfectly.  Can't wait to wear it to a special occasion.
B00ROS0T7U	R3L62GBB7N90R3	4.0	0.11307347	0.269681453704834	1.9671127175934389	0.08068713718380494	0.18092906159429245	Happylife12 Women Short Sleeve Pleated Lace Slim Dress	Very pretty dress. The sizes are very accurate. It is slightly see through.
B00NBWMPL6	R227FAVRD8E2YS	4.0	0.11143279	0.2979565322399139	1.789529915330763	0.16367890114064998	0.16367890114064998	Allegra K Women's Printed Half Placket Above Knee Sleeveless Belted Dress	This dress fits well, and is super cute. Especially for the price.
B00LGM9CVE	R2K78YEHNF8FLF	5.0	0.10920501	0.29641497135162354	1.796029386632364	0.1606414302750373	0.1606414302750373	Allegra K Women's Sleeveless Doll Collar Elastic Waist Printed Mini Dress	It's a very pretty dress. The length is just perfect, not too short neither too long.
B00K8092YW	R3HX1TJSB27KJZ	4.0	0.1191535	0.2979565322399139	1.797250624177809	0.16007069562722553	0.16007069562722553	Allegra K Women Scoop Neck Sleeveless Dots Pleated Layered Mini Dress	this is a really cute flirty little dress that's perfect for summer. very light, comfortable, breathable fabric. i ordered an extra large because that's the size i usually wear in allegra k's dresses, but i could have gone with the large. the x-large is a tad bit frumpy, it could fit someone bigger than me, but it still looks cute enough to wear out. i fixed most of that issue with a little brown belt i wear around the elastic lining. i'm 5'8 feet tall and the dress is a good, flattering length that's not too short. i really like this dress and i'm pretty glad i bought it ^ ^
B00STB9CV0	RWEIDO5YBUYGM	5.0	0.11835325	0.29519832134246826	1.8121298169880293	0.15311703546509092	0.15311703546509092	YSJ Women's High Waist A-Line Pleated Skirts Flower Print OL Party Midi Skirt	Love this skirt, fabrication is excellent, I'm very satisfied with purchase.
B00PZKXQ3S	R36HIFKALV2UDU	5.0	0.11762732	0.2909095883369446	1.8363743837740234	0.14178654997718354	0.14178654997718354	Miusol Women's Scoop Neck Optical Illusion Business Bodycon Dress	i love this dress, just wished it was knee length, abit too short for me. very nice material,nicely cut. As seen in the picture
B00LGM9ITU	RP0K02N35RR7H	5.0	0.11918342	0.28988081216812134	1.8440302513211995	0.13820864747612782	0.13820864747612782	Allegra K Women's Sleeveless Doll Collar Elastic Waist Printed Mini Dress	super fantastic fit and well made dress... the picture doesn't do the dress justice....
B0095ME2AI	R39IXUTJWJE8MQ	5.0	0.11542171	0.2876685857772827	1.8535329442836381	0.1337676473272139	0.1337676473272139	A-line Full Gown Floor-length Bridal Dress Gown Slip Petticoat	Perfect for my dress! The nice thick elastic band at the top saves from that dreaded bulge where elastic usually stops
B0071B07Y0	R3F0KA9M1GWR07	5.0	0.11534685	0.2875705361366272	1.854050704781289	0.13352567650312663	0.13352567650312663	Funfash Plus Size Women Empire Waist A Line Slimming Cocktail Dress Made in USA	It flows beautifully, got so many compliments. Makes you feel very feminine and elegant.Ordering more!
B010H4XLNG	R131ULWDNA9QDC	5.0	0.11567116	0.28731346130371094	1.8559307256664357	0.13264706524378167	0.13264706524378167	Allegrace Womens Sleeveless Sexy Bodycon Midi Bandage Party Evening Dresses	Hugs the body just right, good thick material. I love it.
B00J8HEZ20	R19PJTXS8AS3N8	5.0	0.117500246	0.2875877618789673	1.8560999576493835	0.13256797616193472	0.13256797616193472	WIIPU Women grey Rockabilly Bodycon Business knee-length Pencil Dress(J416)	Thgis dress is stylish and classy.  A great buy...and the material feels wonderful on the body !
B0071B084O	R2GCVPXO61K9DS	3.0	0.11489463	0.2869908809661865	1.8571102637975623	0.1320958184512473	0.1320958184512473	Funfash Plus Size Women Empire Waist A Line Slimming Cocktail Dress Made in USA	Length was a bit too long for my taste, however it accentuates the right parts =)
B00LU2PNKO	R22HGY40XE9NTY	5.0	0.11736959	0.28673452138900757	1.8611428831694927	0.13021120918290152	0.13021120918290152	Printed Maxi Length A-line skirt with rollover waist	It's a beautiful skirt and it fits great. Just in time for the summer, but the material is heavy enough to also wear it in the cooler weather.
B00E0KY548	R26FU1T1BHY89X	4.0	0.118786514	0.2857831120491028	1.8683650540309953	0.12683599102125076	0.12683599102125076	Allegra K Women Scoop Neck Sleeveless Dots Pleated Layered Mini Dress	Nicely made dress, but a little tight.  Will have to diet to make the dress fit nice.
B00F9F48AE	R1N1SQZ9BGY4Y5	4.0	0.1152488	0.2850014567375183	1.8696257969844083	0.12624679386777227	0.12624679386777227	Printed Maxi Length A-line skirt with rollover waist	Cute skirt. Soft material. Good quality. It's a head turner and I get compliments every time I wear it. Matches with lots of different things. Can be dressed up or down.
B00E0TQ79U	RXLNR35X07APO	4.0	0.11788958	0.2851945161819458	1.8710789736144282	0.12556766452456125	0.12556766452456125	Girls Chic Baby Surplice Double Layer Girl Dress	It's a beautiful dress, has nice details and pretty fabrics, fits well.
B00MEB7AXI	R1MBVT1C4STAP5	5.0	0.11646521	0.2847483158111572	1.872401847714936	0.1249494309248258	0.1249494309248258	Miusol Women's Keyhole Dot Polka Long Sleeves See-Though Evening Long Dress	Fit so perfect and was so comfortable to move around and dance in.
B00B5MLT1Q	RZQK7SAQNHPUP	4.0	0.11505973	0.28428906202316284	1.873832991994974	0.12428059820699633	0.12428059820699633	Doublju Womens Fitted Dress with Sexy Side Zipper Point	Love the dress very beautiful and long a little big around the waist but very slim around the hips and thighs
B007028X3W	R2S9S3M4HIPRHL	5.0	0.11703509	0.28264105319976807	1.886063313609009	0.1185648647487142	0.1185648647487142	Funfash Plus Size Women Empire Waist A Line Slimming Cocktail Dress Made in USA	.very cute dress and it doesn't wrinkle and I really like it and the price was right
B00PW004WC	R37A77LVZ4Q50Q	4.0	0.10751766	0.27948975563049316	1.8964919956717974	0.11369111172134783	0.11369111172134783	Choies Women's Sexy Striped Asymmetric Hem Pencil Bodycon Dress	Just a little bit short but the rest fits very nicely
B00RWI8NHU	R3MMXAWVZV0U99	5.0	0.11783826	0.28103142976760864	1.8969986955439806	0.11345430998349149	0.11345430998349149	Sheinside Women's Black Deep V Neck Lace Pleated Dress	Amazing. Makes the girls look real nice ;) and flatters any body type.
B00L42J9U0	R2I8UMMY5S4QHG	4.0	0.1118083	0.27772027254104614	1.9121810111105542	0.10635898806174582	0.10635898806174582	Tom's Ware Women's Sweetheart Short Sleeve Midi Dress	Gorgeous fits well and every curve. Material is not too thin or too thick. Stretchy fabric. Close to knee length and I'm five feet 7.
B00F9F48RM	R1YLQTCZF3VORS	5.0	0.11553097	0.27746689319610596	1.9175477569608903	0.1038508864936184	0.1038508864936184	Printed Maxi Length A-line skirt with rollover waist	Fabric is excellent. Well made runs small but can still be worn if you like snug clothing.
B00M0FZR92	R13Z5PUDK2XJBD	5.0	0.115575075	0.27662229537963867	1.9230938773263309	0.10125895582026379	0.10125895582026379	PAKULA Women's Fashion Midi Contrast Bodycon Pencil Evening Dress,Small Petite,Blue	It fit wonderfully, is a comfortable material, and wraps around in the right areas.
B00F4WT9DS	R2S68Z4ETGJR2I	4.0	0.11730778	0.27627211809158325	1.9271176299922976	0.09937849032912527	0.09937849032912527	Aokin Women Scoop Neck Long Sleeve Lace Tunics Blouse Top	Beautiful blouse and rich color. Little short on length, but not too tight.
B00JX5ADCS	R2AYISRFXKHYJI	3.0	0.11949456	0.2765681743621826	1.927367068934446	0.09926191722888889	0.09926191722888889	Waltzmart Women Elegant Splice Bodycon Evening Dress OL Slim Stretch Clubwear	This is a very nice dress but very short in length for someone who's tall, if the individual is need a dress at knee length.
B00VX1B02C	R1CJLRC051N4L	4.0	0.1117568	0.26652783155441284	1.9877334944855056	0.07105019809607849	0.09860053200460894	Sue&Joe Women's Fit and Flare Dress V-neck Ruched Flowy Pleated Cap Sleeve Dress	Very cute, comf., and good fit, but material is a little thin, bought 3 colors, my size is-14-16, perfect!
B00VX1B02C	RNFUX9NIVL4ZI	4.0	0.116764486	0.2624537944793701	2.0218617277785604	0.05510066781706091	0.09860053200460894	Sue&Joe Women's Fit and Flare Dress V-neck Ruched Flowy Pleated Cap Sleeve Dress	Cute, simple style. The fabric is t-shirt material. Casual but nice. Nothing fancy.
B00G9PW1D4	R62PIWBGVRSY4	5.0	0.11282587	0.2751094102859497	1.9302846025881777	0.0978984334836076	0.0978984334836076	Aivtalk Ladies Smocked Waist Maxi Navy Blue Orange Bohemia Style Dress	Good cutting and make your curve looks appealing, thin material is extremely comfortable for summer
B00KU2COPC	RMV14TYCZVMSG	3.0	0.11880857	0.27233368158340454	1.9547915318524824	0.08644533519427089	0.08644533519427089	Adogirl Women's Modern and Graceful Pencil Dress	I really like this dress, but it's a bit tighter and shorter than I expected. The model must be short, because the dress looks way longer than it actually is. I will still be able to make it work, it's just not quite what I expected.
B00XXPOM08	RU0CLRE2P2L9U	5.0	0.11752838	0.27163952589035034	1.9582030685586413	0.0848509834584037	0.0848509834584037	Miusol Women's Cut Out V-Neck Vintage Casual Retro Dress	Everything about this dress is perfect. The material is top quality and heavy. It fits like a glove, hugging my curves in all the best ways, and it brushes just at the knee with my petticoat making it the perfect length. I am a size 14-16 with DDD breasts so I ordered the XL and it could not fit better. If you are looking to feel like a million bucks. This is the dress for you. It has a bit of stretch in the fabric which was unexpected actually. LOVE IT!
B00L76IHVA	R6VSUIGGIYH85	5.0	0.11795986	0.2711949348449707	1.9616521084142848	0.0832391049547977	0.0832391049547977	Crazy Girls Womens Celebrity Multi Floral Print Ladies Bodycon Midi Dress	This is an adorable dress, and the material is thick. Definitely not see through material. It fits me snugly enough that I'm going to make my dress strapless. I'm pleased with my order.
B00S5QRCSE	RA72KTLGMJZ6P	4.0	0.11721116	0.27072399854660034	1.964110598204076	0.08209015133020703	0.08209015133020703	Miusol Women's Retro Floral Lace Optical Illusion Evening Pencil Dress	Its a bit snug, perfect for curves, thin material, good for date nights!
B00N1U4OKS	R17OA5KIWYMUY	4.0	0.10035062	0.26500338315963745	1.9871189834998677	0.0713373844115277	0.0713373844115277	Ladies Lace Short Sleeve Slim Fashion Bodycon Party Cocktail Evening Dress	Good thing the texture and kind of the dress is a lil stretchy that made it fits just soo right.
B00OFHLVL6	R31AX53J1VDWSZ	4.0	0.1179809	0.2667689919471741	1.992261698768804	0.06893398156925523	0.06893398156925523	Amoin Women Off Shoulder A-line Strapless Loose Casual Dress [6068],Medium,Pink	Very elegant but too short for a dress. Beautiful with jeans.
B00ROUN77W	R1B12JMMQPTOEG	3.0	0.11938405	0.2662266492843628	1.997483036117074	0.06649383538828824	0.06649383538828824	Abody Sexy Bandage Dress Sleeveless Pleated Asymmetrical Flare Party Dress	"The dress is cute and worth the money.  The fabric is thin but not see through because of the print.  I'm a tall women about 5""10 wear a size 14 in jeans d cup and the xxl fit great no over stretching that would make the print look strange.  The dress is really short but is fine to wear out on the town but also looks cute with legging for everyday look. All in all the dress is what you get for what you pay for its not a great made dress that will last you for years but it is a cute trendy dress that will serve its purpose on a budget."
B00NFDFAE0	R15C42EP057ZK3	3.0	0.11234629	0.26513606309890747	1.9981704761362022	0.06617256632915047	0.06617256632915047	Miusol Women's Long Sleeves Floral Lace Classic Slim Bridesmaid Dress	Again, the lace of the product looks and feels a little cheap but it did fit me nicely.
B00J1Z81PG	R21DYBZ0OYVHAY	3.0	0.11805457	0.2652319073677063	2.0031972914597356	0.06382332830908455	0.06382332830908455	Ninimour- Womens Slim Crew Neck Leopard Short Sleeve High Waist Dress (L, Leopard)	The fabric is a little thin but it is a nice dress and not too short!
B00NWDH6JA	R2K2HJZHCJPJ04	5.0	0.11599469	0.264803409576416	2.004187902048761	0.0633603751450954	0.0633603751450954	Women's Rockabilly Pinup Bodycon Stretch Pencil Shift Sheath Dress	The material is thinner than expected but it's still very pretty. Very elegant and does wonders for the silhouette.
B00V7SEYLU	R1D3IMFC62T5LZ	5.0	0.11552465	0.2607731819152832	2.032899727562058	0.04994215550102743	0.04994215550102743	Op Sky Op Sky Women Sexy Off Shoulder V-neck A-line Mini Strapless Loose Casual Dress	Fits perfectly. Love the color and the way it feels on. Very lightweight, has a silk slip underneath, very comfy.
B00NIG34TW	R2LVI1A1X3DD2N	4.0	0.116949975	0.26028257608413696	2.037939107849448	0.04758704535538827	0.04758704535538827	Sexy Womens Long Sleeve Bodycon Bandage Cocktail Party Mini Dress Clubwear (US L, Multicolor)	Nice material, good guality. Dress fit a little snug, but...I'm also tall maybe that's why.
B00J8HEVIS	R3E1ZQ1I6M2KAB	3.0	0.11776745	0.2602177858352661	2.039234882466661	0.04698147646131301	0.04698147646131301	WIIPU Women grey Rockabilly Bodycon Business knee-length Pencil Dress(J416)	Good Lokking. Fits well. Unfortunately, the quality is not as good as expected.
B00CMGO9HU	R1G40G7UTYVO6K	3.0	0.115015864	0.25918006896972656	2.044176551718171	0.044672030710662725	0.044672030710662725	Crazy Girls Women's Long Sleeve Scoop Neck Midi Dress	It's really thin, cheap fabric, but it fits and the proportions are great!
B00SXU4ML2	R1U9XY8LG6M85H	4.0	0.11414766	0.25880736112594604	2.046086530020167	0.04377941911549543	0.04377941911549543	SheIn Women's Black Spaghetti Strap Sheath Long Bodycon Dress,Large,Black	Thin material but wearable. Nice shape and very sexy for warmer weathers.
B00N1U4PNY	R2CXZLNUQ6CZ9M	3.0	0.1189813	0.25876057147979736	2.0512695060522868	0.04135720075892624	0.04135720075892624	Ladies Lace Short Sleeve Slim Fashion Bodycon Party Cocktail Evening Dress	It looks better on the picture than on me.  Overall its nice.  Material is nice.
B00KMQ41YS	R4L7QMQUUFWID	3.0	0.11483806	0.2574503421783447	2.0569601668354496	0.03869772039000996	0.03869772039000996	Janecrafts Elegant Pinup Floral Lace Colorblock Bodycon Pencil Shift Dress (XL)	Appeared more sturdy in picture. It is very thin and lightweight
B00KPP9VPA	R2MOTWHFIYMYG8	5.0	0.11824435	0.25297242403030396	2.0947443653894364	0.021039606835451363	0.021039606835451363	Tom's Ware Women's Classic Slim Fit Sleeveless Midi Dress	Material is thin but the fit is excellent. Can be dressed up or down.
B00NGIO9UK	RXBTG59HAIWJ9	3.0	0.11952555	0.2498977780342102	2.1203436620376266	0.00907600023718802	0.00907600023718802	Tom's Ware Womens Classic Slim Fit Bodycon Midi Dress	Material feels like felt, a little thick, but stretchy. Very fitted, as described.
B00KU2COHU	R16T76FENXJ7T0	2.0	0.11407542	0.24682962894439697	2.139764162080193	0.0	0.0	Adogirl Women's Graceful Office Dress	"Cute dress but super thin material so if you want to show off every curve, dimple, etc this is the dress for you. It fit with my ""normal"" size (L=L) so that was a bonus"
